url_path,views_total,views_unique
/thomaspoignant/go-feature-flag,466,299
/thomaspoignant/go-feature-flag/issues,68,30
/thomaspoignant/go-feature-flag/pulls,50,20
/thomaspoignant/go-feature-flag/releases,47,29
/thomaspoignant/go-feature-flag/tree/main/examples,46,34
/thomaspoignant/go-feature-flag/commit/a8e9b136eb972da636726525bffc1c2f86fcb432,31,22
/thomaspoignant/go-feature-flag/commit/195b750f1af79f0e8546b7f3f36d3a1c2bde3c82,29,27
/thomaspoignant/go-feature-flag/pull/4326,28,22
/thomaspoignant/go-feature-flag/pull/4613,28,19
/thomaspoignant/go-feature-flag/pull/4713,28,4
